"continent","country_count","lifeexp","pop","gdppercap"
"Oceania",2,74.32625,8874672.33333333,18621.61
"Europe",30,71.9036944444444,17169764.7333333,14469.4752777778
"Americas",25,64.6585666666667,24504794.9966667,7136.1103
"Asia",33,60.064797979798,77038721.9722225,7902.15047979798
"Africa",52,48.8654487179487,9916003.14262821,2193.7547275641
