"variable","count","mean","sd","min","q25","median","q75","max"
"lifeexp",1704,59.4744307511737,12.9170413607325,23.6,48.1975,60.71,70.8425,82.6
"pop",1704,29601212.3245306,106157896.743915,60011,2793664,7023595.5,19585221.75,1318683096
"gdppercap",1704,7215.32709507042,9857.45453368117,241.17,1202.06,3531.845,9325.4625,113523.13
